2Company_Name,Clearbit_Logo_URL,Copy_This_URL
Maersk,https://logo.clearbit.com/maersk.com,https://logo.clearbit.com/maersk.com
MSC,https://logo.clearbit.com/msc.com,https://logo.clearbit.com/msc.com
CMA CGM,https://logo.clearbit.com/cma-cgm.com,https://logo.clearbit.com/cma-cgm.com
COSCO,https://logo.clearbit.com/coscon.com,https://logo.clearbit.com/coscon.com
Hapag-Lloyd,https://logo.clearbit.com/hapag-lloyd.com,https://logo.clearbit.com/hapag-lloyd.com
Evergreen,https://logo.clearbit.com/evergreen-line.com,https://logo.clearbit.com/evergreen-line.com
ONE,https://logo.clearbit.com/one-line.com,https://logo.clearbit.com/one-line.com
HMM,https://logo.clearbit.com/hmm21.com,https://logo.clearbit.com/hmm21.com
Yang Ming,https://logo.clearbit.com/yangming.com,https://logo.clearbit.com/yangming.com
PIL,https://logo.clearbit.com/pilship.com,https://logo.clearbit.com/pilship.com
Wan Hai,https://logo.clearbit.com/wanhai.com,https://logo.clearbit.com/wanhai.com
ZIM,https://logo.clearbit.com/zim.com,https://logo.clearbit.com/zim.com
OOCL,https://logo.clearbit.com/oocl.com,https://logo.clearbit.com/oocl.com
X-Press Feeders,https://logo.clearbit.com/x-pressfeeders.com,https://logo.clearbit.com/x-pressfeeders.com
Grimaldi,https://logo.clearbit.com/grimaldi.napoli.it,https://logo.clearbit.com/grimaldi.napoli.it
Wallenius Wilhelmsen,https://logo.clearbit.com/walleniuswilhelmsen.com,https://logo.clearbit.com/walleniuswilhelmsen.com
K Line,https://logo.clearbit.com/kline.com,https://logo.clearbit.com/kline.com
MOL,https://logo.clearbit.com/mol.co.jp,https://logo.clearbit.com/mol.co.jp
NYK Line,https://logo.clearbit.com/nyk.com,https://logo.clearbit.com/nyk.com
Arcos,https://logo.clearbit.com/navieraarmas.com,https://logo.clearbit.com/navieraarmas.com
DHL Express,https://logo.clearbit.com/dhl.com,https://logo.clearbit.com/dhl.com
FedEx,https://logo.clearbit.com/fedex.com,https://logo.clearbit.com/fedex.com
UPS,https://logo.clearbit.com/ups.com,https://logo.clearbit.com/ups.com
TNT Express,https://logo.clearbit.com/tnt.com,https://logo.clearbit.com/tnt.com
Aramex,https://logo.clearbit.com/aramex.com,https://logo.clearbit.com/aramex.com
GLS,https://logo.clearbit.com/gls-group.com,https://logo.clearbit.com/gls-group.com
DPD,https://logo.clearbit.com/dpd.com,https://logo.clearbit.com/dpd.com
Evri,https://logo.clearbit.com/evri.com,https://logo.clearbit.com/evri.com
SF Express,https://logo.clearbit.com/sf-express.com,https://logo.clearbit.com/sf-express.com
ZTO Express,https://logo.clearbit.com/zto.com,https://logo.clearbit.com/zto.com
Blue Dart,https://logo.clearbit.com/bluedart.com,https://logo.clearbit.com/bluedart.com
DTDC,https://logo.clearbit.com/dtdc.in,https://logo.clearbit.com/dtdc.in
Royal Mail,https://logo.clearbit.com/royalmail.com,https://logo.clearbit.com/royalmail.com
USPS,https://logo.clearbit.com/usps.com,https://logo.clearbit.com/usps.com
Canada Post,https://logo.clearbit.com/canadapost.ca,https://logo.clearbit.com/canadapost.ca
Australia Post,https://logo.clearbit.com/auspost.com.au,https://logo.clearbit.com/auspost.com.au
Deutsche Post,https://logo.clearbit.com/deutschepost.de,https://logo.clearbit.com/deutschepost.de
La Poste,https://logo.clearbit.com/laposte.fr,https://logo.clearbit.com/laposte.fr
PostNL,https://logo.clearbit.com/postnl.nl,https://logo.clearbit.com/postnl.nl
Poste Italiane,https://logo.clearbit.com/poste.it,https://logo.clearbit.com/poste.it
Correos,https://logo.clearbit.com/correos.es,https://logo.clearbit.com/correos.es
Swiss Post,https://logo.clearbit.com/post.ch,https://logo.clearbit.com/post.ch
Posti,https://logo.clearbit.com/posti.fi,https://logo.clearbit.com/posti.fi
PostNord,https://logo.clearbit.com/postnord.com,https://logo.clearbit.com/postnord.com
An Post,https://logo.clearbit.com/anpost.com,https://logo.clearbit.com/anpost.com
bpost,https://logo.clearbit.com/bpost.be,https://logo.clearbit.com/bpost.be
CTT Portugal,https://logo.clearbit.com/ctt.pt,https://logo.clearbit.com/ctt.pt
China Post,https://logo.clearbit.com/chinapost.com.cn,https://logo.clearbit.com/chinapost.com.cn
Japan Post,https://logo.clearbit.com/japanpost.jp,https://logo.clearbit.com/japanpost.jp
Korea Post,https://logo.clearbit.com/koreapost.go.kr,https://logo.clearbit.com/koreapost.go.kr
Singapore Post,https://logo.clearbit.com/singpost.com,https://logo.clearbit.com/singpost.com
Hong Kong Post,https://logo.clearbit.com/hongkongpost.hk,https://logo.clearbit.com/hongkongpost.hk
India Post,https://logo.clearbit.com/indiapost.gov.in,https://logo.clearbit.com/indiapost.gov.in
Pos Malaysia,https://logo.clearbit.com/pos.com.my,https://logo.clearbit.com/pos.com.my
Thailand Post,https://logo.clearbit.com/thailandpost.co.th,https://logo.clearbit.com/thailandpost.co.th
Vietnam Post,https://logo.clearbit.com/vnpost.vn,https://logo.clearbit.com/vnpost.vn
Indonesia Post,https://logo.clearbit.com/posindonesia.co.id,https://logo.clearbit.com/posindonesia.co.id
Philippines Post,https://logo.clearbit.com/phlpost.gov.ph,https://logo.clearbit.com/phlpost.gov.ph
NZ Post,https://logo.clearbit.com/nzpost.co.nz,https://logo.clearbit.com/nzpost.co.nz
Parcelforce,https://logo.clearbit.com/parcelforce.com,https://logo.clearbit.com/parcelforce.com
Lufthansa Cargo,https://logo.clearbit.com/lufthansa-cargo.com,https://logo.clearbit.com/lufthansa-cargo.com
Emirates SkyCargo,https://logo.clearbit.com/emirates.com,https://logo.clearbit.com/emirates.com
Qatar Airways,https://logo.clearbit.com/qatarairways.com,https://logo.clearbit.com/qatarairways.com
Cargolux,https://logo.clearbit.com/cargolux.com,https://logo.clearbit.com/cargolux.com
Singapore Airlines,https://logo.clearbit.com/singaporeair.com,https://logo.clearbit.com/singaporeair.com
Cathay Pacific,https://logo.clearbit.com/cathaypacific.com,https://logo.clearbit.com/cathaypacific.com
Korean Air,https://logo.clearbit.com/koreanair.com,https://logo.clearbit.com/koreanair.com
ANA Cargo,https://logo.clearbit.com/ana.co.jp,https://logo.clearbit.com/ana.co.jp
JAL Cargo,https://logo.clearbit.com/jal.com,https://logo.clearbit.com/jal.com
Air France-KLM,https://logo.clearbit.com/afklcargo.com,https://logo.clearbit.com/afklcargo.com
Turkish Cargo,https://logo.clearbit.com/turkishcargo.com,https://logo.clearbit.com/turkishcargo.com
Etihad Cargo,https://logo.clearbit.com/etihad.ae,https://logo.clearbit.com/etihad.ae
British Airways,https://logo.clearbit.com/ba.com,https://logo.clearbit.com/ba.com
Atlas Air,https://logo.clearbit.com/atlasair.com,https://logo.clearbit.com/atlasair.com
Kalitta Air,https://logo.clearbit.com/kalittaair.com,https://logo.clearbit.com/kalittaair.com
Polar Air,https://logo.clearbit.com/polaraircargo.com,https://logo.clearbit.com/polaraircargo.com
CMA CGM Air Cargo,https://logo.clearbit.com/cma-cgm-aircargo.com,https://logo.clearbit.com/cma-cgm-aircargo.com
MSC Air Cargo,https://logo.clearbit.com/mscaircargo.com,https://logo.clearbit.com/mscaircargo.com
Amazon,https://logo.clearbit.com/amazon.com,https://logo.clearbit.com/amazon.com
eBay,https://logo.clearbit.com/ebay.com,https://logo.clearbit.com/ebay.com
Shopify,https://logo.clearbit.com/shopify.com,https://logo.clearbit.com/shopify.com
Etsy,https://logo.clearbit.com/etsy.com,https://logo.clearbit.com/etsy.com
Walmart,https://logo.clearbit.com/walmart.com,https://logo.clearbit.com/walmart.com
Alibaba,https://logo.clearbit.com/alibaba.com,https://logo.clearbit.com/alibaba.com
AliExpress,https://logo.clearbit.com/aliexpress.com,https://logo.clearbit.com/aliexpress.com
Taobao,https://logo.clearbit.com/taobao.com,https://logo.clearbit.com/taobao.com
Tmall,https://logo.clearbit.com/tmall.com,https://logo.clearbit.com/tmall.com
Pinduoduo,https://logo.clearbit.com/pinduoduo.com,https://logo.clearbit.com/pinduoduo.com
JD.com,https://logo.clearbit.com/jd.com,https://logo.clearbit.com/jd.com
Rakuten,https://logo.clearbit.com/rakuten.co.jp,https://logo.clearbit.com/rakuten.co.jp
Mercado Libre,https://logo.clearbit.com/mercadolibre.com,https://logo.clearbit.com/mercadolibre.com
Shopee,https://logo.clearbit.com/shopee.com,https://logo.clearbit.com/shopee.com
Lazada,https://logo.clearbit.com/lazada.com,https://logo.clearbit.com/lazada.com
Flipkart,https://logo.clearbit.com/flipkart.com,https://logo.clearbit.com/flipkart.com
TikTok Shop,https://logo.clearbit.com/tiktok.com,https://logo.clearbit.com/tiktok.com
Facebook,https://logo.clearbit.com/facebook.com,https://logo.clearbit.com/facebook.com
Instagram,https://logo.clearbit.com/instagram.com,https://logo.clearbit.com/instagram.com
Zalando,https://logo.clearbit.com/zalando.com,https://logo.clearbit.com/zalando.com
ASOS,https://logo.clearbit.com/asos.com,https://logo.clearbit.com/asos.com
StockX,https://logo.clearbit.com/stockx.com,https://logo.clearbit.com/stockx.com
GOAT,https://logo.clearbit.com/goat.com,https://logo.clearbit.com/goat.com
Grailed,https://logo.clearbit.com/grailed.com,https://logo.clearbit.com/grailed.com
Poshmark,https://logo.clearbit.com/poshmark.com,https://logo.clearbit.com/poshmark.com
Mercari,https://logo.clearbit.com/mercari.com,https://logo.clearbit.com/mercari.com
Vinted,https://logo.clearbit.com/vinted.com,https://logo.clearbit.com/vinted.com
Vestiaire Collective,https://logo.clearbit.com/vestiairecollective.com,https://logo.clearbit.com/vestiairecollective.com
ThredUp,https://logo.clearbit.com/thredup.com,https://logo.clearbit.com/thredup.com
Kuehne+Nagel,https://logo.clearbit.com/kuehne-nagel.com,https://logo.clearbit.com/kuehne-nagel.com
DHL Supply Chain,https://logo.clearbit.com/dhl.com,https://logo.clearbit.com/dhl.com
DSV,https://logo.clearbit.com/dsv.com,https://logo.clearbit.com/dsv.com
DB Schenker,https://logo.clearbit.com/dbschenker.com,https://logo.clearbit.com/dbschenker.com
Sinotrans,https://logo.clearbit.com/sinotrans.com,https://logo.clearbit.com/sinotrans.com
Nippon Express,https://logo.clearbit.com/nipponexpress.com,https://logo.clearbit.com/nipponexpress.com
Expeditors,https://logo.clearbit.com/expeditors.com,https://logo.clearbit.com/expeditors.com
C.H. Robinson,https://logo.clearbit.com/chrobinson.com,https://logo.clearbit.com/chrobinson.com
CEVA Logistics,https://logo.clearbit.com/cevalogistics.com,https://logo.clearbit.com/cevalogistics.com
Geodis,https://logo.clearbit.com/geodis.com,https://logo.clearbit.com/geodis.com
Hellmann,https://logo.clearbit.com/hellmann.com,https://logo.clearbit.com/hellmann.com
Kerry Logistics,https://logo.clearbit.com/kerrylogistics.com,https://logo.clearbit.com/kerrylogistics.com
Kintetsu World Express,https://logo.clearbit.com/kwe.com,https://logo.clearbit.com/kwe.com
Yusen Logistics,https://logo.clearbit.com/yusen-logistics.com,https://logo.clearbit.com/yusen-logistics.com
Agility,https://logo.clearbit.com/agility.com,https://logo.clearbit.com/agility.com
Bollore Logistics,https://logo.clearbit.com/bollore.com,https://logo.clearbit.com/bollore.com
Dachser,https://logo.clearbit.com/dachser.com,https://logo.clearbit.com/dachser.com
Rhenus,https://logo.clearbit.com/rhenus.com,https://logo.clearbit.com/rhenus.com
Toll Group,https://logo.clearbit.com/tollgroup.com,https://logo.clearbit.com/tollgroup.com
Flexport,https://logo.clearbit.com/flexport.com,https://logo.clearbit.com/flexport.com
ShipBob,https://logo.clearbit.com/shipbob.com,https://logo.clearbit.com/shipbob.com
ShipStation,https://logo.clearbit.com/shipstation.com,https://logo.clearbit.com/shipstation.com
Shippo,https://logo.clearbit.com/goshippo.com,https://logo.clearbit.com/goshippo.com
EasyPost,https://logo.clearbit.com/easypost.com,https://logo.clearbit.com/easypost.com
ShipEngine,https://logo.clearbit.com/shipengine.com,https://logo.clearbit.com/shipengine.com
AfterShip,https://logo.clearbit.com/aftership.com,https://logo.clearbit.com/aftership.com
Easyship,https://logo.clearbit.com/easyship.com,https://logo.clearbit.com/easyship.com
Sendcloud,https://logo.clearbit.com/sendcloud.com,https://logo.clearbit.com/sendcloud.com
Packlink,https://logo.clearbit.com/packlink.com,https://logo.clearbit.com/packlink.com
Stamps.com,https://logo.clearbit.com/stamps.com,https://logo.clearbit.com/stamps.com
ShipHero,https://logo.clearbit.com/shiphero.com,https://logo.clearbit.com/shiphero.com
ShipMonk,https://logo.clearbit.com/shipmonk.com,https://logo.clearbit.com/shipmonk.com
J&T Express,https://logo.clearbit.com/jet.co.id,https://logo.clearbit.com/jet.co.id
Ninja Van,https://logo.clearbit.com/ninjavan.co,https://logo.clearbit.com/ninjavan.co
JNE,https://logo.clearbit.com/jne.co.id,https://logo.clearbit.com/jne.co.id
SiCepat,https://logo.clearbit.com/sicepat.com,https://logo.clearbit.com/sicepat.com
GHN,https://logo.clearbit.com/ghn.vn,https://logo.clearbit.com/ghn.vn
Viettel Post,https://logo.clearbit.com/viettelpost.com.vn,https://logo.clearbit.com/viettelpost.com.vn
Kerry Express,https://logo.clearbit.com/kerryexpress.com,https://logo.clearbit.com/kerryexpress.com
Flash Express,https://logo.clearbit.com/flashexpress.co.th,https://logo.clearbit.com/flashexpress.co.th
Best Express,https://logo.clearbit.com/best-inc.com,https://logo.clearbit.com/best-inc.com
YTO Express,https://logo.clearbit.com/yto.net.cn,https://logo.clearbit.com/yto.net.cn
